"0","ebird_counties_us
"
"1","Simple feature collection with 3106 features and 9 fields"
"1","
"
"1","geometry type:  GEOMETRY
"
"1","dimension:      XY
"
"1","bbox:           "
"1","xmin: -124.7258 ymin: 24.49813 xmax: -66.9499 ymax: 49.38436"
"1","
"
"1","epsg (SRID):    4326
"
"1","proj4string:    +proj=longlat +datum=WGS84 +no_defs
"
"1","First 1000 features:
"
"1","    "
"1"," region_code"
"1"," state"
"1","              region_name"
"1","        area"
"1"," n_species"
"1"," n_checklists"
"1"," top_hotspot"
"1","
1   "
"1","   US-AL-001"
"1","    AL"
"1","              Autauga, AL"
"1","  1546270453"
"1","       176"
"1","          544"
"1","    L5227907"
"1","
2   "
"1","   US-AL-003"
"1","    AL"
"1","              Baldwin, AL"
"1","  4387101673"
"1","       395"
"1","        13645"
"1","     L165792"
"1","
3   "
"1","   US-AL-005"
"1","    AL"
"1","              Barbour, AL"
"1","  2334526972"
"1","       283"
"1","         1445"
"1","     L731149"
"1","
4   "
"1","   US-AL-007"
"1","    AL"
"1","                 Bibb, AL"
"1","  1602215038"
"1","       141"
"1","          426"
"1","    L2465581"
"1","
5   "
"1","   US-AL-009"
"1","    AL"
"1","               Blount, AL"
"1","  1667880392"
"1","       144"
"1","          474"
"1","     L919332"
"1","
6   "
"1","   US-AL-011"
"1","    AL"
"1","              Bullock, AL"
"1","  1630442484"
"1","       206"
"1","         2248"
"1","     L682963"
"1","
7   "
"1","   US-AL-013"
"1","    AL"
"1","               Butler, AL"
"1","  2004496924"
"1","       153"
"1","          143"
"1","    L2612942"
"1","
8   "
"1","   US-AL-015"
"1","    AL"
"1","              Calhoun, AL"
"1","  1567781019"
"1","       201"
"1","         1151"
"1","    L2613104"
"1","
9   "
"1","   US-AL-017"
"1","    AL"
"1","             Chambers, AL"
"1","  1560952664"
"1","       183"
"1","          307"
"1","    L2618038"
"1","
10  "
"1","   US-AL-019"
"1","    AL"
"1","             Cherokee, AL"
"1","  1584667879"
"1","       185"
"1","          204"
"1","    L1058521"
"1","
11  "
"1","   US-AL-021"
"1","    AL"
"1","              Chilton, AL"
"1","  1839126705"
"1","       139"
"1","          187"
"1","    L4443767"
"1","
12  "
"1","   US-AL-023"
"1","    AL"
"1","              Choctaw, AL"
"1","  2348532524"
"1","       131"
"1","          157"
"1","     L919297"
"1","
13  "
"1","   US-AL-025"
"1","    AL"
"1","               Clarke, AL"
"1","  3241870014"
"1","       163"
"1","          977"
"1","    L1042858"
"1","
14  "
"1","   US-AL-027"
"1","    AL"
"1","                 Clay, AL"
"1","  1581784538"
"1","       154"
"1","         1089"
"1","    L2612744"
"1","
15  "
"1","   US-AL-029"
"1","    AL"
"1","             Cleburne, AL"
"1","  1452873795"
"1","       163"
"1","          289"
"1","     L578883"
"1","
16  "
"1","   US-AL-031"
"1","    AL"
"1","               Coffee, AL"
"1","  1785249834"
"1","       133"
"1","          240"
"1","    L1083934"
"1","
17  "
"1","   US-AL-033"
"1","    AL"
"1","              Colbert, AL"
"1","  1610946366"
"1","       291"
"1","         2388"
"1","    L1073725"
"1","
18  "
"1","   US-AL-035"
"1","    AL"
"1","              Conecuh, AL"
"1","  2251232851"
"1","       135"
"1","           75"
"1","    L2744149"
"1","
19  "
"1","   US-AL-037"
"1","    AL"
"1","                Coosa, AL"
"1","  1683372161"
"1","       162"
"1","          336"
"1","     L611022"
"1","
20  "
"1","   US-AL-039"
"1","    AL"
"1","            Covington, AL"
"1","  2685301834"
"1","       209"
"1","          788"
"1","     L919295"
"1","
21  "
"1","   US-AL-041"
"1","    AL"
"1","             Crenshaw, AL"
"1","  1567971968"
"1","       118"
"1","           71"
"1","    L2612257"
"1","
22  "
"1","   US-AL-043"
"1","    AL"
"1","              Cullman, AL"
"1","  1980151439"
"1","       189"
"1","          596"
"1","    L2956447"
"1","
23  "
"1","   US-AL-045"
"1","    AL"
"1","                 Dale, AL"
"1","  1472201847"
"1","       168"
"1","          754"
"1","    L1628006"
"1","
24  "
"1","   US-AL-047"
"1","    AL"
"1","               Dallas, AL"
"1","  2582664881"
"1","       155"
"1","          144"
"1","    L2613027"
"1","
25  "
"1","   US-AL-049"
"1","    AL"
"1","               DeKalb, AL"
"1","  2009896832"
"1","       169"
"1","          880"
"1","     L895273"
"1","
26  "
"1","   US-AL-051"
"1","    AL"
"1","               Elmore, AL"
"1","  1748968549"
"1","       226"
"1","         2366"
"1","     L241836"
"1","
27  "
"1","   US-AL-053"
"1","    AL"
"1","             Escambia, AL"
"1","  2462187733"
"1","       170"
"1","          214"
"1","    L2612261"
"1","
28  "
"1","   US-AL-055"
"1","    AL"
"1","               Etowah, AL"
"1","  1411188937"
"1","       153"
"1","          267"
"1","    L1058510"
"1","
29  "
"1","   US-AL-057"
"1","    AL"
"1","              Fayette, AL"
"1","  1633097427"
"1","       117"
"1","           47"
"1","    L2113761"
"1","
30  "
"1","   US-AL-059"
"1","    AL"
"1","             Franklin, AL"
"1","  1675341486"
"1","       169"
"1","          233"
"1","    L2612135"
"1","
31  "
"1","   US-AL-061"
"1","    AL"
"1","               Geneva, AL"
"1","  1471943846"
"1","       194"
"1","          414"
"1","    L2416766"
"1","
32  "
"1","   US-AL-063"
"1","    AL"
"1","               Greene, AL"
"1","  1669129997"
"1","       146"
"1","          361"
"1","    L1047901"
"1","
33  "
"1","   US-AL-065"
"1","    AL"
"1","                 Hale, AL"
"1","  1714712703"
"1","       224"
"1","         1550"
"1","    L1188911"
"1","
34  "
"1","   US-AL-067"
"1","    AL"
"1","                Henry, AL"
"1","  1451023421"
"1","       186"
"1","          478"
"1","     L871304"
"1","
35  "
"1","   US-AL-069"
"1","    AL"
"1","              Houston, AL"
"1","  1493542695"
"1","       183"
"1","         1036"
"1","     L139517"
"1","
36  "
"1","   US-AL-071"
"1","    AL"
"1","              Jackson, AL"
"1","  2881482120"
"1","       219"
"1","         1012"
"1","    L1408907"
"1","
37  "
"1","   US-AL-073"
"1","    AL"
"1","            Jefferson, AL"
"1","  2932573832"
"1","       252"
"1","         6185"
"1","     L296336"
"1","
38  "
"1","   US-AL-075"
"1","    AL"
"1","                Lamar, AL"
"1","  1572181320"
"1","       110"
"1","           40"
"1","    L1012281"
"1","
39  "
"1","   US-AL-077"
"1","    AL"
"1","           Lauderdale, AL"
"1","  1872413000"
"1","       293"
"1","         2407"
"1","    L2612127"
"1","
40  "
"1","   US-AL-079"
"1","    AL"
"1","             Lawrence, AL"
"1","  1829062658"
"1","       255"
"1","         1007"
"1","     L231980"
"1","
41  "
"1","   US-AL-081"
"1","    AL"
"1","                  Lee, AL"
"1","  1610046734"
"1","       259"
"1","         3518"
"1","    L2343954"
"1","
42  "
"1","   US-AL-083"
"1","    AL"
"1","            Limestone, AL"
"1","  1576634665"
"1","       278"
"1","         2336"
"1","    L1020002"
"1","
43  "
"1","   US-AL-085"
"1","    AL"
"1","              Lowndes, AL"
"1","  1913813631"
"1","       180"
"1","          363"
"1","    L2618082"
"1","
44  "
"1","   US-AL-087"
"1","    AL"
"1","                Macon, AL"
"1","  1603697580"
"1","       206"
"1","         1738"
"1","     L919294"
"1","
45  "
"1","   US-AL-089"
"1","    AL"
"1","              Madison, AL"
"1","  2111080073"
"1","       259"
"1","        12838"
"1","     L724301"
"1","
46  "
"1","   US-AL-091"
"1","    AL"
"1","              Marengo, AL"
"1","  2550176643"
"1","       173"
"1","         1507"
"1","     L632678"
"1","
47  "
"1","   US-AL-093"
"1","    AL"
"1","               Marion, AL"
"1","  1926732532"
"1","       135"
"1","          142"
"1","    L2612351"
"1","
48  "
"1","   US-AL-095"
"1","    AL"
"1","             Marshall, AL"
"1","  1632042902"
"1","       251"
"1","         1347"
"1","     L681146"
"1","
49  "
"1","   US-AL-097"
"1","    AL"
"1","               Mobile, AL"
"1","  3338608134"
"1","       367"
"1","        14882"
"1","     L166463"
"1","
50  "
"1","   US-AL-099"
"1","    AL"
"1","               Monroe, AL"
"1","  2667569615"
"1","       172"
"1","          403"
"1","    L1063991"
"1","
51  "
"1","   US-AL-101"
"1","    AL"
"1","           Montgomery, AL"
"1","  2073338780"
"1","       263"
"1","         4656"
"1","     L662313"
"1","
52  "
"1","   US-AL-103"
"1","    AL"
"1","               Morgan, AL"
"1","  1549858240"
"1","       281"
"1","         2808"
"1","     L166462"
"1","
53  "
"1","   US-AL-105"
"1","    AL"
"1","                Perry, AL"
"1","  1861121640"
"1","       193"
"1","          875"
"1","    L1072042"
"1","
54  "
"1","   US-AL-107"
"1","    AL"
"1","              Pickens, AL"
"1","  2299042560"
"1","       137"
"1","          127"
"1","    L2612387"
"1","
55  "
"1","   US-AL-109"
"1","    AL"
"1","                 Pike, AL"
"1","  1792323913"
"1","       130"
"1","          129"
"1","     L508134"
"1","
56  "
"1","   US-AL-111"
"1","    AL"
"1","             Randolph, AL"
"1","  1511616630"
"1","       150"
"1","          259"
"1","    L5227474"
"1","
57  "
"1","   US-AL-113"
"1","    AL"
"1","              Russell, AL"
"1","  1677362756"
"1","       199"
"1","          299"
"1","    L2612941"
"1","
58  "
"1","   US-AL-115"
"1","    AL"
"1","            St. Clair, AL"
"1","  1690197965"
"1","       183"
"1","          759"
"1","    L1089986"
"1","
59  "
"1","   US-AL-117"
"1","    AL"
"1","               Shelby, AL"
"1","  2072840877"
"1","       246"
"1","         3381"
"1","    L2399200"
"1","
60  "
"1","   US-AL-119"
"1","    AL"
"1","               Sumter, AL"
"1","  2372086223"
"1","       184"
"1","          382"
"1","    L2612921"
"1","
61  "
"1","   US-AL-121"
"1","    AL"
"1","            Talladega, AL"
"1","  1987021074"
"1","       168"
"1","          693"
"1","    L1075320"
"1","
62  "
"1","   US-AL-123"
"1","    AL"
"1","           Tallapoosa, AL"
"1","  1973347521"
"1","       166"
"1","          481"
"1","     L509821"
"1","
63  "
"1","   US-AL-125"
"1","    AL"
"1","           Tuscaloosa, AL"
"1","  3510852481"
"1","       212"
"1","         1342"
"1","    L2117830"
"1","
64  "
"1","   US-AL-127"
"1","    AL"
"1","               Walker, AL"
"1","  2071149619"
"1","       142"
"1","          145"
"1","    L2744159"
"1","
65  "
"1","   US-AL-129"
"1","    AL"
"1","           Washington, AL"
"1","  2805816542"
"1","       151"
"1","          288"
"1","    L1042898"
"1","
66  "
"1","   US-AL-131"
"1","    AL"
"1","               Wilcox, AL"
"1","  2345747347"
"1","       174"
"1","          187"
"1","    L1072037"
"1","
67  "
"1","   US-AL-133"
"1","    AL"
"1","              Winston, AL"
"1","  1635889055"
"1","       185"
"1","         2680"
"1","     L296785"
"1","
68  "
"1","   US-AR-001"
"1","    AR"
"1","             Arkansas, AR"
"1","  2714254887"
"1","       283"
"1","         1046"
"1","     L506817"
"1","
69  "
"1","   US-AR-003"
"1","    AR"
"1","               Ashley, AR"
"1","  2457391763"
"1","       266"
"1","          626"
"1","    L1166834"
"1","
70  "
"1","   US-AR-005"
"1","    AR"
"1","               Baxter, AR"
"1","  1527695614"
"1","       235"
"1","          778"
"1","     L507298"
"1","
71  "
"1","   US-AR-007"
"1","    AR"
"1","               Benton, AR"
"1","  2307852165"
"1","       313"
"1","         7165"
"1","     L125062"
"1","
72  "
"1","   US-AR-009"
"1","    AR"
"1","                Boone, AR"
"1","  1570577201"
"1","       230"
"1","          698"
"1","     L507284"
"1","
73  "
"1","   US-AR-011"
"1","    AR"
"1","              Bradley, AR"
"1","  1681907951"
"1","       155"
"1","           67"
"1","     L127232"
"1","
74  "
"1","   US-AR-013"
"1","    AR"
"1","              Calhoun, AR"
"1","  1632332052"
"1","       182"
"1","           62"
"1","    L4108072"
"1","
75  "
"1","   US-AR-015"
"1","    AR"
"1","              Carroll, AR"
"1","  1662181731"
"1","       218"
"1","          631"
"1","    L2089496"
"1","
76  "
"1","   US-AR-017"
"1","    AR"
"1","               Chicot, AR"
"1","  1787044561"
"1","       294"
"1","          297"
"1","     L125098"
"1","
77  "
"1","   US-AR-019"
"1","    AR"
"1","                Clark, AR"
"1","  2270226981"
"1","       289"
"1","          363"
"1","     L504986"
"1","
78  "
"1","   US-AR-021"
"1","    AR"
"1","                 Clay, AR"
"1","  1646647206"
"1","       172"
"1","          102"
"1","     L127203"
"1","
79  "
"1","   US-AR-023"
"1","    AR"
"1","             Cleburne, AR"
"1","  1535707232"
"1","       238"
"1","          650"
"1","     L282600"
"1","
80  "
"1","   US-AR-025"
"1","    AR"
"1","            Cleveland, AR"
"1","  1529349290"
"1","       127"
"1","           62"
"1","     L765641"
"1","
81  "
"1","   US-AR-027"
"1","    AR"
"1","             Columbia, AR"
"1","  1966390180"
"1","       210"
"1","          751"
"1","     L473507"
"1","
82  "
"1","   US-AR-029"
"1","    AR"
"1","               Conway, AR"
"1","  1442286316"
"1","       244"
"1","          637"
"1","     L229647"
"1","
83  "
"1","   US-AR-031"
"1","    AR"
"1","            Craighead, AR"
"1","  1844074292"
"1","       287"
"1","         1802"
"1","     L225257"
"1","
84  "
"1","   US-AR-033"
"1","    AR"
"1","             Crawford, AR"
"1","  1580641800"
"1","       271"
"1","          680"
"1","     L682062"
"1","
85  "
"1","   US-AR-035"
"1","    AR"
"1","           Crittenden, AR"
"1","  1655876307"
"1","       298"
"1","         1007"
"1","     L127215"
"1","
86  "
"1","   US-AR-037"
"1","    AR"
"1","                Cross, AR"
"1","  1624193172"
"1","       189"
"1","          210"
"1","     L127214"
"1","
87  "
"1","   US-AR-039"
"1","    AR"
"1","               Dallas, AR"
"1","  1740178223"
"1","       143"
"1","          108"
"1","        <NA>"
"1","
88  "
"1","   US-AR-041"
"1","    AR"
"1","                Desha, AR"
"1","  2169521197"
"1","       299"
"1","          407"
"1","     L444575"
"1","
89  "
"1","   US-AR-043"
"1","    AR"
"1","                 Drew, AR"
"1","  2158578321"
"1","       202"
"1","          200"
"1","     L387893"
"1","
90  "
"1","   US-AR-045"
"1","    AR"
"1","             Faulkner, AR"
"1","  1771391462"
"1","       294"
"1","         2864"
"1","     L365158"
"1","
91  "
"1","   US-AR-047"
"1","    AR"
"1","             Franklin, AR"
"1","  1592018035"
"1","       215"
"1","          901"
"1","     L507678"
"1","
92  "
"1","   US-AR-049"
"1","    AR"
"1","               Fulton, AR"
"1","  1601018744"
"1","       188"
"1","          184"
"1","     L507839"
"1","
93  "
"1","   US-AR-051"
"1","    AR"
"1","              Garland, AR"
"1","  1916053661"
"1","       289"
"1","         1758"
"1","     L127223"
"1","
94  "
"1","   US-AR-053"
"1","    AR"
"1","                Grant, AR"
"1","  1660331346"
"1","       168"
"1","          189"
"1","     L439539"
"1","
95  "
"1","   US-AR-055"
"1","    AR"
"1","               Greene, AR"
"1","  1503211890"
"1","       221"
"1","          367"
"1","     L283219"
"1","
96  "
"1","   US-AR-057"
"1","    AR"
"1","            Hempstead, AR"
"1","  1913051102"
"1","       308"
"1","          641"
"1","     L501407"
"1","
97  "
"1","   US-AR-059"
"1","    AR"
"1","           Hot Spring, AR"
"1","  1658136969"
"1","       231"
"1","          346"
"1","     L127219"
"1","
98  "
"1","   US-AR-061"
"1","    AR"
"1","               Howard, AR"
"1","  1538773375"
"1","       259"
"1","          186"
"1","     L127229"
"1","
99  "
"1","   US-AR-063"
"1","    AR"
"1","         Independence, AR"
"1","  2023125121"
"1","       168"
"1","          122"
"1","    L4026804"
"1","
100 "
"1","   US-AR-065"
"1","    AR"
"1","                Izard, AR"
"1","  1508509161"
"1","       151"
"1","           84"
"1","    L2411624"
"1","
"
"1","    "
"1","                                                                            hotspot_name"
"1","
1   "
"1","                                               stakeout Say's Phoebe, Autauga Co. (2016)"
"1","
2   "
"1","                                                         Fort Morgan State Historic Site"
"1","
3   "
"1","                                                                             Eufaula NWR"
"1","
4   "
"1","                                                        Talladega NF--Oakmulgee District"
"1","
5   "
"1","                                                                     Rickwood Caverns SP"
"1","
6   "
"1","                                                                Wehle Forever Wild Tract"
"1","
7   "
"1","                                                                      Sherling Lake Park"
"1","
8   "
"1","                                                                         Neely Henry Dam"
"1","
9   "
"1","                                                     West Point Lake--West Overlook Park"
"1","
10  "
"1","                                                              Weiss Lake--Bridge Islands"
"1","
11  "
"1","                                                           Lake Mitchel Dam Fishing Pier"
"1","
12  "
"1","                                                                             Choctaw NWR"
"1","
13  "
"1","                                                             Bashi Creek Public Use Area"
"1","
14  "
"1","                                                            Talladega NF--Lake Chinnabee"
"1","
15  "
"1","                                                                               Cheaha SP"
"1","
16  "
"1","                                                                      Coffee County Lake"
"1","
17  "
"1","                                                                 Leighton Ponds vicinity"
"1","
18  "
"1","                                                            Sepulga River--Travis Bridge"
"1","
19  "
"1","                                                                               Coosa WMA"
"1","
20  "
"1","                                                                              Conecuh NF"
"1","
21  "
"1","                                                             Crenshaw County Public Lake"
"1","
22  "
"1","                                                                          Sportsman Lake"
"1","
23  "
"1","                                                                 Dale County Public Lake"
"1","
24  "
"1","                                                         Old Cahawba Archaeological Park"
"1","
25  "
"1","                                                                     DeSoto SP (NABT 47)"
"1","
26  "
"1","                                                       Fort Toulouse/Jackson Historic SP"
"1","
27  "
"1","                                                   Solon Dixon Forestry Education Center"
"1","
28  "
"1","                                                           James D. Martin Wildlife Park"
"1","
29  "
"1","                                                                Upper Sipsey River Swamp"
"1","
30  "
"1","                                                             Cypress Cove Farm (NABT 51)"
"1","
31  "
"1","                                                                              Damon Pond"
"1","
32  "
"1","                                                                     Forkland Campground"
"1","
33  "
"1","                                                           Forever Wild Field Trial Area"
"1","
34  "
"1","                                                               Walter F. George Dam (AL)"
"1","
35  "
"1","                                                                        Chattahoochee SP"
"1","
36  "
"1","                                                      Stevenson Municipal Park (NABT 43)"
"1","
37  "
"1","                                                        Ruffner Mountain Nature Preserve"
"1","
38  "
"1","                                                                          Sulligent Lake"
"1","
39  "
"1","                                                                                Waterloo"
"1","
40  "
"1","                                                                             Wheeler Dam"
"1","
41  "
"1","                                                             Wood Duck Heritage Preserve"
"1","
42  "
"1","                                                                          Swan Creek WMA"
"1","
43  "
"1","                                                              Lowndes WMA--Riggins Tract"
"1","
44  "
"1","                                                                             Tuskegee NF"
"1","
45  "
"1","                                                  Wheeler NWR--Blackwell Swamp (NABT 26)"
"1","
46  "
"1","                                                                             Foscue Park"
"1","
47  "
"1","                                                                      Marion County Lake"
"1","
48  "
"1","                                                                       Guntersville Lake"
"1","
49  "
"1","                                                                          Dauphin Island"
"1","
50  "
"1","                                                                Claiborne Lake Dam--West"
"1","
51  "
"1","                                                                    Powder Magazine Park"
"1","
52  "
"1","                                                                             Wheeler NWR"
"1","
53  "
"1","                                                                          Lakeland Farms"
"1","
54  "
"1","                                                            Pickensville Recreation Area"
"1","
55  "
"1","                                                  Pike County Pocosin Forever Wild Tract"
"1","
56  "
"1","                                                                    Roanoke Sewage Ponds"
"1","
57  "
"1","                                                                          Idle Hour Park"
"1","
58  "
"1","                                                                         Camp Winnataska"
"1","
59  "
"1","                                                                          Limestone Park"
"1","
60  "
"1","                                             University of West Alabama--Lake Livingston"
"1","
61  "
"1","                                                                             Hollins WMA"
"1","
62  "
"1","                                                           Coon Creek Forever Wild Tract"
"1","
63  "
"1","                                                         University of Alabama Arboretum"
"1","
64  "
"1","                                                               Walker County Public Lake"
"1","
65  "
"1","                                                         Old St Stephens Historical Park"
"1","
66  "
"1","                                                                        Roland Cooper SP"
"1","
67  "
"1","                                                      Bankhead NF--Brushy Lake Rec. Area"
"1","
68  "
"1","                                                            Dale Bumpers White River NWR"
"1","
69  "
"1","                                                           Overflow NWR--North Sanctuary"
"1","
70  "
"1","                                                          Gaston's Resort & Nature Trail"
"1","
71  "
"1","                                                       Charlie Craig State Fish Hatchery"
"1","
72  "
"1","                                                                           Lake Harrison"
"1","
73  "
"1","                                                                          Felsenthal NWR"
"1","
74  "
"1","                                              Ouachita River Bottoms--Across from Calion"
"1","
75  "
"1","                                                             Beaver Lake--Oak Ridge Park"
"1","
76  "
"1","                                                                          Lake Chicot SP"
"1","
77  "
"1","                                         Arkadelphia Oxidation Ponds (restricted access)"
"1","
78  "
"1","                                                          Dave Donaldson Black River WMA"
"1","
79  "
"1","                                                                            Magness Lake"
"1","
80  "
"1","                                                              Kingsland Prairie Preserve"
"1","
81  "
"1","                                                                           Lake Columbia"
"1","
82  "
"1","                                                                           Petit Jean SP"
"1","
83  "
"1","                                                                   Craighead Forest Park"
"1","
84  "
"1","                                                                          Frog Bayou WMA"
"1","
85  "
"1","                                                                           Wapanocca NWR"
"1","
86  "
"1","                                                                        Village Creek SP"
"1","
87  "
"1","                                                                                    <NA>"
"1","
88  "
"1","                                                           Camp Nine (restricted access)"
"1","
89  "
"1","                                                             Warren Prairie Natural Area"
"1","
90  "
"1","                                                                         Beaverfork Lake"
"1","
91  "
"1","                                                           Cherokee Prairie Natural Area"
"1","
92  "
"1","                                                                       Mammoth Spring SP"
"1","
93  "
"1","                                                    Andrew H. Hulsey State Fish Hatchery"
"1","
94  "
"1","                                                           Jenkins Ferry Battleground SP"
"1","
95  "
"1","                                                                        Lake Frierson SP"
"1","
96  "
"1","                                                                           Millwood Lake"
"1","
97  "
"1","                                                                   DeGray Lake Resort SP"
"1","
98  "
"1","                                                               Millwood Lake--Okay Levee"
"1","
99  "
"1","                                                               Foushee Cave Natural Area"
"1","
100 "
"1","                                              Devil's Knob-Devil's Backbone Natural Area"
"1","
"
"1","    "
"1","                                                                                                                                                                                                                                                                                                                                                                                        popup"
"1","
1   "
"1","                                           <strong><a href='http://ebird.org/ebird/subnational2/US-AL-001?yr=all' target='_blank' style='text-decoration: none;'>Autauga, AL</a></strong> 176 species<br/><strong>Top Hotspot: </strong><a href='http://ebird.org/ebird/hotspot/L5227907?yr=all' target='_blank' style='text-decoration: none;'>stakeout Say's Phoebe, Autauga Co. (2016)</a>"
"1","
2   "
"1","                                                      <strong><a href='http://ebird.org/ebird/subnational2/US-AL-003?yr=all' target='_blank' style='text-decoration: none;'>Baldwin, AL</a></strong> 395 species<br/><strong>Top Hotspot: </strong><a href='http://ebird.org/ebird/hotspot/L165792?yr=all' target='_blank' style='text-decoration: none;'>Fort Morgan State Historic Site</a>"
"1","
3   "
"1","                                                                          <strong><a href='http://ebird.org/ebird/subnational2/US-AL-005?yr=all' target='_blank' style='text-decoration: none;'>Barbour, AL</a></strong> 283 species<br/><strong>Top Hotspot: </strong><a href='http://ebird.org/ebird/hotspot/L731149?yr=all' target='_blank' style='text-decoration: none;'>Eufaula NWR</a>"
"1","
4   "
"1","                                                       <strong><a href='http://ebird.org/ebird/subnational2/US-AL-007?yr=all' target='_blank' style='text-decoration: none;'>Bibb, AL</a></strong> 141 species<br/><strong>Top Hotspot: </strong><a href='http://ebird.org/ebird/hotspot/L2465581?yr=all' target='_blank' style='text-decoration: none;'>Talladega NF--Oakmulgee District</a>"
"1","
5   "
"1","                                                                   <strong><a href='http://ebird.org/ebird/subnational2/US-AL-009?yr=all' target='_blank' style='text-decoration: none;'>Blount, AL</a></strong> 144 species<br/><strong>Top Hotspot: </strong><a href='http://ebird.org/ebird/hotspot/L919332?yr=all' target='_blank' style='text-decoration: none;'>Rickwood Caverns SP</a>"
"1","
6   "
"1","                                                             <strong><a href='http://ebird.org/ebird/subnational2/US-AL-011?yr=all' target='_blank' style='text-decoration: none;'>Bullock, AL</a></strong> 206 species<br/><strong>Top Hotspot: </strong><a href='http://ebird.org/ebird/hotspot/L682963?yr=all' target='_blank' style='text-decoration: none;'>Wehle Forever Wild Tract</a>"
"1","
7   "
"1","                                                                   <strong><a href='http://ebird.org/ebird/subnational2/US-AL-013?yr=all' target='_blank' style='text-decoration: none;'>Butler, AL</a></strong> 153 species<br/><strong>Top Hotspot: </strong><a href='http://ebird.org/ebird/hotspot/L2612942?yr=all' target='_blank' style='text-decoration: none;'>Sherling Lake Park</a>"
"1","
8   "
"1","                                                                     <strong><a href='http://ebird.org/ebird/subnational2/US-AL-015?yr=all' target='_blank' style='text-decoration: none;'>Calhoun, AL</a></strong> 201 species<br/><strong>Top Hotspot: </strong><a href='http://ebird.org/ebird/hotspot/L2613104?yr=all' target='_blank' style='text-decoration: none;'>Neely Henry Dam</a>"
"1","
9   "
"1","                                                <strong><a href='http://ebird.org/ebird/subnational2/US-AL-017?yr=all' target='_blank' style='text-decoration: none;'>Chambers, AL</a></strong> 183 species<br/><strong>Top Hotspot: </strong><a href='http://ebird.org/ebird/hotspot/L2618038?yr=all' target='_blank' style='text-decoration: none;'>West Point Lake--West Overlook Park</a>"
"1","
10  "
"1","                                                         <strong><a href='http://ebird.org/ebird/subnational2/US-AL-019?yr=all' target='_blank' style='text-decoration: none;'>Cherokee, AL</a></strong> 185 species<br/><strong>Top Hotspot: </strong><a href='http://ebird.org/ebird/hotspot/L1058521?yr=all' target='_blank' style='text-decoration: none;'>Weiss Lake--Bridge Islands</a>"
"1","
11  "
"1","                                                       <strong><a href='http://ebird.org/ebird/subnational2/US-AL-021?yr=all' target='_blank' style='text-decoration: none;'>Chilton, AL</a></strong> 139 species<br/><strong>Top Hotspot: </strong><a href='http://ebird.org/ebird/hotspot/L4443767?yr=all' target='_blank' style='text-decoration: none;'>Lake Mitchel Dam Fishing Pier</a>"
"1","
12  "
"1","                                                                          <strong><a href='http://ebird.org/ebird/subnational2/US-AL-023?yr=all' target='_blank' style='text-decoration: none;'>Choctaw, AL</a></strong> 131 species<br/><strong>Top Hotspot: </strong><a href='http://ebird.org/ebird/hotspot/L919297?yr=all' target='_blank' style='text-decoration: none;'>Choctaw NWR</a>"
"1","
13  "
"1","                                                          <strong><a href='http://ebird.org/ebird/subnational2/US-AL-025?yr=all' target='_blank' style='text-decoration: none;'>Clarke, AL</a></strong> 163 species<br/><strong>Top Hotspot: </strong><a href='http://ebird.org/ebird/hotspot/L1042858?yr=all' target='_blank' style='text-decoration: none;'>Bashi Creek Public Use Area</a>"
"1","
14  "
"1","                                                           <strong><a href='http://ebird.org/ebird/subnational2/US-AL-027?yr=all' target='_blank' style='text-decoration: none;'>Clay, AL</a></strong> 154 species<br/><strong>Top Hotspot: </strong><a href='http://ebird.org/ebird/hotspot/L2612744?yr=all' target='_blank' style='text-decoration: none;'>Talladega NF--Lake Chinnabee</a>"
"1","
15  "
"1","                                                                           <strong><a href='http://ebird.org/ebird/subnational2/US-AL-029?yr=all' target='_blank' style='text-decoration: none;'>Cleburne, AL</a></strong> 163 species<br/><strong>Top Hotspot: </strong><a href='http://ebird.org/ebird/hotspot/L578883?yr=all' target='_blank' style='text-decoration: none;'>Cheaha SP</a>"
"1","
16  "
"1","                                                                   <strong><a href='http://ebird.org/ebird/subnational2/US-AL-031?yr=all' target='_blank' style='text-decoration: none;'>Coffee, AL</a></strong> 133 species<br/><strong>Top Hotspot: </strong><a href='http://ebird.org/ebird/hotspot/L1083934?yr=all' target='_blank' style='text-decoration: none;'>Coffee County Lake</a>"
"1","
17  "
"1","                                                             <strong><a href='http://ebird.org/ebird/subnational2/US-AL-033?yr=all' target='_blank' style='text-decoration: none;'>Colbert, AL</a></strong> 291 species<br/><strong>Top Hotspot: </strong><a href='http://ebird.org/ebird/hotspot/L1073725?yr=all' target='_blank' style='text-decoration: none;'>Leighton Ponds vicinity</a>"
"1","
18  "
"1","                                                        <strong><a href='http://ebird.org/ebird/subnational2/US-AL-035?yr=all' target='_blank' style='text-decoration: none;'>Conecuh, AL</a></strong> 135 species<br/><strong>Top Hotspot: </strong><a href='http://ebird.org/ebird/hotspot/L2744149?yr=all' target='_blank' style='text-decoration: none;'>Sepulga River--Travis Bridge</a>"
"1","
19  "
"1","                                                                              <strong><a href='http://ebird.org/ebird/subnational2/US-AL-037?yr=all' target='_blank' style='text-decoration: none;'>Coosa, AL</a></strong> 162 species<br/><strong>Top Hotspot: </strong><a href='http://ebird.org/ebird/hotspot/L611022?yr=all' target='_blank' style='text-decoration: none;'>Coosa WMA</a>"
"1","
20  "
"1","                                                                         <strong><a href='http://ebird.org/ebird/subnational2/US-AL-039?yr=all' target='_blank' style='text-decoration: none;'>Covington, AL</a></strong> 209 species<br/><strong>Top Hotspot: </strong><a href='http://ebird.org/ebird/hotspot/L919295?yr=all' target='_blank' style='text-decoration: none;'>Conecuh NF</a>"
"1","
21  "
"1","                                                        <strong><a href='http://ebird.org/ebird/subnational2/US-AL-041?yr=all' target='_blank' style='text-decoration: none;'>Crenshaw, AL</a></strong> 118 species<br/><strong>Top Hotspot: </strong><a href='http://ebird.org/ebird/hotspot/L2612257?yr=all' target='_blank' style='text-decoration: none;'>Crenshaw County Public Lake</a>"
"1","
22  "
"1","                                                                      <strong><a href='http://ebird.org/ebird/subnational2/US-AL-043?yr=all' target='_blank' style='text-decoration: none;'>Cullman, AL</a></strong> 189 species<br/><strong>Top Hotspot: </strong><a href='http://ebird.org/ebird/hotspot/L2956447?yr=all' target='_blank' style='text-decoration: none;'>Sportsman Lake</a>"
"1","
23  "
"1","                                                                <strong><a href='http://ebird.org/ebird/subnational2/US-AL-045?yr=all' target='_blank' style='text-decoration: none;'>Dale, AL</a></strong> 168 species<br/><strong>Top Hotspot: </strong><a href='http://ebird.org/ebird/hotspot/L1628006?yr=all' target='_blank' style='text-decoration: none;'>Dale County Public Lake</a>"
"1","
24  "
"1","                                                      <strong><a href='http://ebird.org/ebird/subnational2/US-AL-047?yr=all' target='_blank' style='text-decoration: none;'>Dallas, AL</a></strong> 155 species<br/><strong>Top Hotspot: </strong><a href='http://ebird.org/ebird/hotspot/L2613027?yr=all' target='_blank' style='text-decoration: none;'>Old Cahawba Archaeological Park</a>"
"1","
25  "
"1","                                                                   <strong><a href='http://ebird.org/ebird/subnational2/US-AL-049?yr=all' target='_blank' style='text-decoration: none;'>DeKalb, AL</a></strong> 169 species<br/><strong>Top Hotspot: </strong><a href='http://ebird.org/ebird/hotspot/L895273?yr=all' target='_blank' style='text-decoration: none;'>DeSoto SP (NABT 47)</a>"
"1","
26  "
"1","                                                     <strong><a href='http://ebird.org/ebird/subnational2/US-AL-051?yr=all' target='_blank' style='text-decoration: none;'>Elmore, AL</a></strong> 226 species<br/><strong>Top Hotspot: </strong><a href='http://ebird.org/ebird/hotspot/L241836?yr=all' target='_blank' style='text-decoration: none;'>Fort Toulouse/Jackson Historic SP</a>"
"1","
27  "
"1","                                              <strong><a href='http://ebird.org/ebird/subnational2/US-AL-053?yr=all' target='_blank' style='text-decoration: none;'>Escambia, AL</a></strong> 170 species<br/><strong>Top Hotspot: </strong><a href='http://ebird.org/ebird/hotspot/L2612261?yr=all' target='_blank' style='text-decoration: none;'>Solon Dixon Forestry Education Center</a>"
"1","
28  "
"1","                                                        <strong><a href='http://ebird.org/ebird/subnational2/US-AL-055?yr=all' target='_blank' style='text-decoration: none;'>Etowah, AL</a></strong> 153 species<br/><strong>Top Hotspot: </strong><a href='http://ebird.org/ebird/hotspot/L1058510?yr=all' target='_blank' style='text-decoration: none;'>James D. Martin Wildlife Park</a>"
"1","
29  "
"1","                                                            <strong><a href='http://ebird.org/ebird/subnational2/US-AL-057?yr=all' target='_blank' style='text-decoration: none;'>Fayette, AL</a></strong> 117 species<br/><strong>Top Hotspot: </strong><a href='http://ebird.org/ebird/hotspot/L2113761?yr=all' target='_blank' style='text-decoration: none;'>Upper Sipsey River Swamp</a>"
"1","
30  "
"1","                                                        <strong><a href='http://ebird.org/ebird/subnational2/US-AL-059?yr=all' target='_blank' style='text-decoration: none;'>Franklin, AL</a></strong> 169 species<br/><strong>Top Hotspot: </strong><a href='http://ebird.org/ebird/hotspot/L2612135?yr=all' target='_blank' style='text-decoration: none;'>Cypress Cove Farm (NABT 51)</a>"
"1","
31  "
"1","                                                                           <strong><a href='http://ebird.org/ebird/subnational2/US-AL-061?yr=all' target='_blank' style='text-decoration: none;'>Geneva, AL</a></strong> 194 species<br/><strong>Top Hotspot: </strong><a href='http://ebird.org/ebird/hotspot/L2416766?yr=all' target='_blank' style='text-decoration: none;'>Damon Pond</a>"
"1","
32  "
"1","                                                                  <strong><a href='http://ebird.org/ebird/subnational2/US-AL-063?yr=all' target='_blank' style='text-decoration: none;'>Greene, AL</a></strong> 146 species<br/><strong>Top Hotspot: </strong><a href='http://ebird.org/ebird/hotspot/L1047901?yr=all' target='_blank' style='text-decoration: none;'>Forkland Campground</a>"
"1","
33  "
"1","                                                          <strong><a href='http://ebird.org/ebird/subnational2/US-AL-065?yr=all' target='_blank' style='text-decoration: none;'>Hale, AL</a></strong> 224 species<br/><strong>Top Hotspot: </strong><a href='http://ebird.org/ebird/hotspot/L1188911?yr=all' target='_blank' style='text-decoration: none;'>Forever Wild Field Trial Area</a>"
"1","
34  "
"1","                                                              <strong><a href='http://ebird.org/ebird/subnational2/US-AL-067?yr=all' target='_blank' style='text-decoration: none;'>Henry, AL</a></strong> 186 species<br/><strong>Top Hotspot: </strong><a href='http://ebird.org/ebird/hotspot/L871304?yr=all' target='_blank' style='text-decoration: none;'>Walter F. George Dam (AL)</a>"
"1","
35  "
"1","                                                                     <strong><a href='http://ebird.org/ebird/subnational2/US-AL-069?yr=all' target='_blank' style='text-decoration: none;'>Houston, AL</a></strong> 183 species<br/><strong>Top Hotspot: </strong><a href='http://ebird.org/ebird/hotspot/L139517?yr=all' target='_blank' style='text-decoration: none;'>Chattahoochee SP</a>"
"1","
36  "
"1","                                                  <strong><a href='http://ebird.org/ebird/subnational2/US-AL-071?yr=all' target='_blank' style='text-decoration: none;'>Jackson, AL</a></strong> 219 species<br/><strong>Top Hotspot: </strong><a href='http://ebird.org/ebird/hotspot/L1408907?yr=all' target='_blank' style='text-decoration: none;'>Stevenson Municipal Park (NABT 43)</a>"
"1","
37  "
"1","                                                   <strong><a href='http://ebird.org/ebird/subnational2/US-AL-073?yr=all' target='_blank' style='text-decoration: none;'>Jefferson, AL</a></strong> 252 species<br/><strong>Top Hotspot: </strong><a href='http://ebird.org/ebird/hotspot/L296336?yr=all' target='_blank' style='text-decoration: none;'>Ruffner Mountain Nature Preserve</a>"
"1","
38  "
"1","                                                                        <strong><a href='http://ebird.org/ebird/subnational2/US-AL-075?yr=all' target='_blank' style='text-decoration: none;'>Lamar, AL</a></strong> 110 species<br/><strong>Top Hotspot: </strong><a href='http://ebird.org/ebird/hotspot/L1012281?yr=all' target='_blank' style='text-decoration: none;'>Sulligent Lake</a>"
"1","
39  "
"1","                                                                         <strong><a href='http://ebird.org/ebird/subnational2/US-AL-077?yr=all' target='_blank' style='text-decoration: none;'>Lauderdale, AL</a></strong> 293 species<br/><strong>Top Hotspot: </strong><a href='http://ebird.org/ebird/hotspot/L2612127?yr=all' target='_blank' style='text-decoration: none;'>Waterloo</a>"
"1","
40  "
"1","                                                                         <strong><a href='http://ebird.org/ebird/subnational2/US-AL-079?yr=all' target='_blank' style='text-decoration: none;'>Lawrence, AL</a></strong> 255 species<br/><strong>Top Hotspot: </strong><a href='http://ebird.org/ebird/hotspot/L231980?yr=all' target='_blank' style='text-decoration: none;'>Wheeler Dam</a>"
"1","
41  "
"1","                                                             <strong><a href='http://ebird.org/ebird/subnational2/US-AL-081?yr=all' target='_blank' style='text-decoration: none;'>Lee, AL</a></strong> 259 species<br/><strong>Top Hotspot: </strong><a href='http://ebird.org/ebird/hotspot/L2343954?yr=all' target='_blank' style='text-decoration: none;'>Wood Duck Heritage Preserve</a>"
"1","
42  "
"1","                                                                    <strong><a href='http://ebird.org/ebird/subnational2/US-AL-083?yr=all' target='_blank' style='text-decoration: none;'>Limestone, AL</a></strong> 278 species<br/><strong>Top Hotspot: </strong><a href='http://ebird.org/ebird/hotspot/L1020002?yr=all' target='_blank' style='text-decoration: none;'>Swan Creek WMA</a>"
"1","
43  "
"1","                                                          <strong><a href='http://ebird.org/ebird/subnational2/US-AL-085?yr=all' target='_blank' style='text-decoration: none;'>Lowndes, AL</a></strong> 180 species<br/><strong>Top Hotspot: </strong><a href='http://ebird.org/ebird/hotspot/L2618082?yr=all' target='_blank' style='text-decoration: none;'>Lowndes WMA--Riggins Tract</a>"
"1","
44  "
"1","                                                                            <strong><a href='http://ebird.org/ebird/subnational2/US-AL-087?yr=all' target='_blank' style='text-decoration: none;'>Macon, AL</a></strong> 206 species<br/><strong>Top Hotspot: </strong><a href='http://ebird.org/ebird/hotspot/L919294?yr=all' target='_blank' style='text-decoration: none;'>Tuskegee NF</a>"
"1","
45  "
"1","                                               <strong><a href='http://ebird.org/ebird/subnational2/US-AL-089?yr=all' target='_blank' style='text-decoration: none;'>Madison, AL</a></strong> 259 species<br/><strong>Top Hotspot: </strong><a href='http://ebird.org/ebird/hotspot/L724301?yr=all' target='_blank' style='text-decoration: none;'>Wheeler NWR--Blackwell Swamp (NABT 26)</a>"
"1","
46  "
"1","                                                                          <strong><a href='http://ebird.org/ebird/subnational2/US-AL-091?yr=all' target='_blank' style='text-decoration: none;'>Marengo, AL</a></strong> 173 species<br/><strong>Top Hotspot: </strong><a href='http://ebird.org/ebird/hotspot/L632678?yr=all' target='_blank' style='text-decoration: none;'>Foscue Park</a>"
"1","
47  "
"1","                                                                   <strong><a href='http://ebird.org/ebird/subnational2/US-AL-093?yr=all' target='_blank' style='text-decoration: none;'>Marion, AL</a></strong> 135 species<br/><strong>Top Hotspot: </strong><a href='http://ebird.org/ebird/hotspot/L2612351?yr=all' target='_blank' style='text-decoration: none;'>Marion County Lake</a>"
"1","
48  "
"1","                                                                   <strong><a href='http://ebird.org/ebird/subnational2/US-AL-095?yr=all' target='_blank' style='text-decoration: none;'>Marshall, AL</a></strong> 251 species<br/><strong>Top Hotspot: </strong><a href='http://ebird.org/ebird/hotspot/L681146?yr=all' target='_blank' style='text-decoration: none;'>Guntersville Lake</a>"
"1","
49  "
"1","                                                                        <strong><a href='http://ebird.org/ebird/subnational2/US-AL-097?yr=all' target='_blank' style='text-decoration: none;'>Mobile, AL</a></strong> 367 species<br/><strong>Top Hotspot: </strong><a href='http://ebird.org/ebird/hotspot/L166463?yr=all' target='_blank' style='text-decoration: none;'>Dauphin Island</a>"
"1","
50  "
"1","                                                             <strong><a href='http://ebird.org/ebird/subnational2/US-AL-099?yr=all' target='_blank' style='text-decoration: none;'>Monroe, AL</a></strong> 172 species<br/><strong>Top Hotspot: </strong><a href='http://ebird.org/ebird/hotspot/L1063991?yr=all' target='_blank' style='text-decoration: none;'>Claiborne Lake Dam--West</a>"
"1","
51  "
"1","                                                              <strong><a href='http://ebird.org/ebird/subnational2/US-AL-101?yr=all' target='_blank' style='text-decoration: none;'>Montgomery, AL</a></strong> 263 species<br/><strong>Top Hotspot: </strong><a href='http://ebird.org/ebird/hotspot/L662313?yr=all' target='_blank' style='text-decoration: none;'>Powder Magazine Park</a>"
"1","
52  "
"1","                                                                           <strong><a href='http://ebird.org/ebird/subnational2/US-AL-103?yr=all' target='_blank' style='text-decoration: none;'>Morgan, AL</a></strong> 281 species<br/><strong>Top Hotspot: </strong><a href='http://ebird.org/ebird/hotspot/L166462?yr=all' target='_blank' style='text-decoration: none;'>Wheeler NWR</a>"
"1","
53  "
"1","                                                                        <strong><a href='http://ebird.org/ebird/subnational2/US-AL-105?yr=all' target='_blank' style='text-decoration: none;'>Perry, AL</a></strong> 193 species<br/><strong>Top Hotspot: </strong><a href='http://ebird.org/ebird/hotspot/L1072042?yr=all' target='_blank' style='text-decoration: none;'>Lakeland Farms</a>"
"1","
54  "
"1","                                                        <strong><a href='http://ebird.org/ebird/subnational2/US-AL-107?yr=all' target='_blank' style='text-decoration: none;'>Pickens, AL</a></strong> 137 species<br/><strong>Top Hotspot: </strong><a href='http://ebird.org/ebird/hotspot/L2612387?yr=all' target='_blank' style='text-decoration: none;'>Pickensville Recreation Area</a>"
"1","
55  "
"1","                                                  <strong><a href='http://ebird.org/ebird/subnational2/US-AL-109?yr=all' target='_blank' style='text-decoration: none;'>Pike, AL</a></strong> 130 species<br/><strong>Top Hotspot: </strong><a href='http://ebird.org/ebird/hotspot/L508134?yr=all' target='_blank' style='text-decoration: none;'>Pike County Pocosin Forever Wild Tract</a>"
"1","
56  "
"1","                                                               <strong><a href='http://ebird.org/ebird/subnational2/US-AL-111?yr=all' target='_blank' style='text-decoration: none;'>Randolph, AL</a></strong> 150 species<br/><strong>Top Hotspot: </strong><a href='http://ebird.org/ebird/hotspot/L5227474?yr=all' target='_blank' style='text-decoration: none;'>Roanoke Sewage Ponds</a>"
"1","
57  "
"1","                                                                      <strong><a href='http://ebird.org/ebird/subnational2/US-AL-113?yr=all' target='_blank' style='text-decoration: none;'>Russell, AL</a></strong> 199 species<br/><strong>Top Hotspot: </strong><a href='http://ebird.org/ebird/hotspot/L2612941?yr=all' target='_blank' style='text-decoration: none;'>Idle Hour Park</a>"
"1","
58  "
"1","                                                                   <strong><a href='http://ebird.org/ebird/subnational2/US-AL-115?yr=all' target='_blank' style='text-decoration: none;'>St. Clair, AL</a></strong> 183 species<br/><strong>Top Hotspot: </strong><a href='http://ebird.org/ebird/hotspot/L1089986?yr=all' target='_blank' style='text-decoration: none;'>Camp Winnataska</a>"
"1","
59  "
"1","                                                                       <strong><a href='http://ebird.org/ebird/subnational2/US-AL-117?yr=all' target='_blank' style='text-decoration: none;'>Shelby, AL</a></strong> 246 species<br/><strong>Top Hotspot: </strong><a href='http://ebird.org/ebird/hotspot/L2399200?yr=all' target='_blank' style='text-decoration: none;'>Limestone Park</a>"
"1","
60  "
"1","                                          <strong><a href='http://ebird.org/ebird/subnational2/US-AL-119?yr=all' target='_blank' style='text-decoration: none;'>Sumter, AL</a></strong> 184 species<br/><strong>Top Hotspot: </strong><a href='http://ebird.org/ebird/hotspot/L2612921?yr=all' target='_blank' style='text-decoration: none;'>University of West Alabama--Lake Livingston</a>"
"1","
61  "
"1","                                                                       <strong><a href='http://ebird.org/ebird/subnational2/US-AL-121?yr=all' target='_blank' style='text-decoration: none;'>Talladega, AL</a></strong> 168 species<br/><strong>Top Hotspot: </strong><a href='http://ebird.org/ebird/hotspot/L1075320?yr=all' target='_blank' style='text-decoration: none;'>Hollins WMA</a>"
"1","
62  "
"1","                                                     <strong><a href='http://ebird.org/ebird/subnational2/US-AL-123?yr=all' target='_blank' style='text-decoration: none;'>Tallapoosa, AL</a></strong> 166 species<br/><strong>Top Hotspot: </strong><a href='http://ebird.org/ebird/hotspot/L509821?yr=all' target='_blank' style='text-decoration: none;'>Coon Creek Forever Wild Tract</a>"
"1","
63  "
"1","                                                  <strong><a href='http://ebird.org/ebird/subnational2/US-AL-125?yr=all' target='_blank' style='text-decoration: none;'>Tuscaloosa, AL</a></strong> 212 species<br/><strong>Top Hotspot: </strong><a href='http://ebird.org/ebird/hotspot/L2117830?yr=all' target='_blank' style='text-decoration: none;'>University of Alabama Arboretum</a>"
"1","
64  "
"1","                                                            <strong><a href='http://ebird.org/ebird/subnational2/US-AL-127?yr=all' target='_blank' style='text-decoration: none;'>Walker, AL</a></strong> 142 species<br/><strong>Top Hotspot: </strong><a href='http://ebird.org/ebird/hotspot/L2744159?yr=all' target='_blank' style='text-decoration: none;'>Walker County Public Lake</a>"
"1","
65  "
"1","                                                  <strong><a href='http://ebird.org/ebird/subnational2/US-AL-129?yr=all' target='_blank' style='text-decoration: none;'>Washington, AL</a></strong> 151 species<br/><strong>Top Hotspot: </strong><a href='http://ebird.org/ebird/hotspot/L1042898?yr=all' target='_blank' style='text-decoration: none;'>Old St Stephens Historical Park</a>"
"1","
66  "
"1","                                                                     <strong><a href='http://ebird.org/ebird/subnational2/US-AL-131?yr=all' target='_blank' style='text-decoration: none;'>Wilcox, AL</a></strong> 174 species<br/><strong>Top Hotspot: </strong><a href='http://ebird.org/ebird/hotspot/L1072037?yr=all' target='_blank' style='text-decoration: none;'>Roland Cooper SP</a>"
"1","
67  "
"1","                                                   <strong><a href='http://ebird.org/ebird/subnational2/US-AL-133?yr=all' target='_blank' style='text-decoration: none;'>Winston, AL</a></strong> 185 species<br/><strong>Top Hotspot: </strong><a href='http://ebird.org/ebird/hotspot/L296785?yr=all' target='_blank' style='text-decoration: none;'>Bankhead NF--Brushy Lake Rec. Area</a>"
"1","
68  "
"1","                                                        <strong><a href='http://ebird.org/ebird/subnational2/US-AR-001?yr=all' target='_blank' style='text-decoration: none;'>Arkansas, AR</a></strong> 283 species<br/><strong>Top Hotspot: </strong><a href='http://ebird.org/ebird/hotspot/L506817?yr=all' target='_blank' style='text-decoration: none;'>Dale Bumpers White River NWR</a>"
"1","
69  "
"1","                                                        <strong><a href='http://ebird.org/ebird/subnational2/US-AR-003?yr=all' target='_blank' style='text-decoration: none;'>Ashley, AR</a></strong> 266 species<br/><strong>Top Hotspot: </strong><a href='http://ebird.org/ebird/hotspot/L1166834?yr=all' target='_blank' style='text-decoration: none;'>Overflow NWR--North Sanctuary</a>"
"1","
70  "
"1","                                                        <strong><a href='http://ebird.org/ebird/subnational2/US-AR-005?yr=all' target='_blank' style='text-decoration: none;'>Baxter, AR</a></strong> 235 species<br/><strong>Top Hotspot: </strong><a href='http://ebird.org/ebird/hotspot/L507298?yr=all' target='_blank' style='text-decoration: none;'>Gaston's Resort & Nature Trail</a>"
"1","
71  "
"1","                                                     <strong><a href='http://ebird.org/ebird/subnational2/US-AR-007?yr=all' target='_blank' style='text-decoration: none;'>Benton, AR</a></strong> 313 species<br/><strong>Top Hotspot: </strong><a href='http://ebird.org/ebird/hotspot/L125062?yr=all' target='_blank' style='text-decoration: none;'>Charlie Craig State Fish Hatchery</a>"
"1","
72  "
"1","                                                                          <strong><a href='http://ebird.org/ebird/subnational2/US-AR-009?yr=all' target='_blank' style='text-decoration: none;'>Boone, AR</a></strong> 230 species<br/><strong>Top Hotspot: </strong><a href='http://ebird.org/ebird/hotspot/L507284?yr=all' target='_blank' style='text-decoration: none;'>Lake Harrison</a>"
"1","
73  "
"1","                                                                       <strong><a href='http://ebird.org/ebird/subnational2/US-AR-011?yr=all' target='_blank' style='text-decoration: none;'>Bradley, AR</a></strong> 155 species<br/><strong>Top Hotspot: </strong><a href='http://ebird.org/ebird/hotspot/L127232?yr=all' target='_blank' style='text-decoration: none;'>Felsenthal NWR</a>"
"1","
74  "
"1","                                          <strong><a href='http://ebird.org/ebird/subnational2/US-AR-013?yr=all' target='_blank' style='text-decoration: none;'>Calhoun, AR</a></strong> 182 species<br/><strong>Top Hotspot: </strong><a href='http://ebird.org/ebird/hotspot/L4108072?yr=all' target='_blank' style='text-decoration: none;'>Ouachita River Bottoms--Across from Calion</a>"
"1","
75  "
"1","                                                         <strong><a href='http://ebird.org/ebird/subnational2/US-AR-015?yr=all' target='_blank' style='text-decoration: none;'>Carroll, AR</a></strong> 218 species<br/><strong>Top Hotspot: </strong><a href='http://ebird.org/ebird/hotspot/L2089496?yr=all' target='_blank' style='text-decoration: none;'>Beaver Lake--Oak Ridge Park</a>"
"1","
76  "
"1","                                                                        <strong><a href='http://ebird.org/ebird/subnational2/US-AR-017?yr=all' target='_blank' style='text-decoration: none;'>Chicot, AR</a></strong> 294 species<br/><strong>Top Hotspot: </strong><a href='http://ebird.org/ebird/hotspot/L125098?yr=all' target='_blank' style='text-decoration: none;'>Lake Chicot SP</a>"
"1","
77  "
"1","                                        <strong><a href='http://ebird.org/ebird/subnational2/US-AR-019?yr=all' target='_blank' style='text-decoration: none;'>Clark, AR</a></strong> 289 species<br/><strong>Top Hotspot: </strong><a href='http://ebird.org/ebird/hotspot/L504986?yr=all' target='_blank' style='text-decoration: none;'>Arkadelphia Oxidation Ponds (restricted access)</a>"
"1","
78  "
"1","                                                          <strong><a href='http://ebird.org/ebird/subnational2/US-AR-021?yr=all' target='_blank' style='text-decoration: none;'>Clay, AR</a></strong> 172 species<br/><strong>Top Hotspot: </strong><a href='http://ebird.org/ebird/hotspot/L127203?yr=all' target='_blank' style='text-decoration: none;'>Dave Donaldson Black River WMA</a>"
"1","
79  "
"1","                                                                        <strong><a href='http://ebird.org/ebird/subnational2/US-AR-023?yr=all' target='_blank' style='text-decoration: none;'>Cleburne, AR</a></strong> 238 species<br/><strong>Top Hotspot: </strong><a href='http://ebird.org/ebird/hotspot/L282600?yr=all' target='_blank' style='text-decoration: none;'>Magness Lake</a>"
"1","
80  "
"1","                                                         <strong><a href='http://ebird.org/ebird/subnational2/US-AR-025?yr=all' target='_blank' style='text-decoration: none;'>Cleveland, AR</a></strong> 127 species<br/><strong>Top Hotspot: </strong><a href='http://ebird.org/ebird/hotspot/L765641?yr=all' target='_blank' style='text-decoration: none;'>Kingsland Prairie Preserve</a>"
"1","
81  "
"1","                                                                       <strong><a href='http://ebird.org/ebird/subnational2/US-AR-027?yr=all' target='_blank' style='text-decoration: none;'>Columbia, AR</a></strong> 210 species<br/><strong>Top Hotspot: </strong><a href='http://ebird.org/ebird/hotspot/L473507?yr=all' target='_blank' style='text-decoration: none;'>Lake Columbia</a>"
"1","
82  "
"1","                                                                         <strong><a href='http://ebird.org/ebird/subnational2/US-AR-029?yr=all' target='_blank' style='text-decoration: none;'>Conway, AR</a></strong> 244 species<br/><strong>Top Hotspot: </strong><a href='http://ebird.org/ebird/hotspot/L229647?yr=all' target='_blank' style='text-decoration: none;'>Petit Jean SP</a>"
"1","
83  "
"1","                                                              <strong><a href='http://ebird.org/ebird/subnational2/US-AR-031?yr=all' target='_blank' style='text-decoration: none;'>Craighead, AR</a></strong> 287 species<br/><strong>Top Hotspot: </strong><a href='http://ebird.org/ebird/hotspot/L225257?yr=all' target='_blank' style='text-decoration: none;'>Craighead Forest Park</a>"
"1","
84  "
"1","                                                                      <strong><a href='http://ebird.org/ebird/subnational2/US-AR-033?yr=all' target='_blank' style='text-decoration: none;'>Crawford, AR</a></strong> 271 species<br/><strong>Top Hotspot: </strong><a href='http://ebird.org/ebird/hotspot/L682062?yr=all' target='_blank' style='text-decoration: none;'>Frog Bayou WMA</a>"
"1","
85  "
"1","                                                                     <strong><a href='http://ebird.org/ebird/subnational2/US-AR-035?yr=all' target='_blank' style='text-decoration: none;'>Crittenden, AR</a></strong> 298 species<br/><strong>Top Hotspot: </strong><a href='http://ebird.org/ebird/hotspot/L127215?yr=all' target='_blank' style='text-decoration: none;'>Wapanocca NWR</a>"
"1","
86  "
"1","                                                                       <strong><a href='http://ebird.org/ebird/subnational2/US-AR-037?yr=all' target='_blank' style='text-decoration: none;'>Cross, AR</a></strong> 189 species<br/><strong>Top Hotspot: </strong><a href='http://ebird.org/ebird/hotspot/L127214?yr=all' target='_blank' style='text-decoration: none;'>Village Creek SP</a>"
"1","
87  "
"1","                                                                                         <strong><a href='http://ebird.org/ebird/subnational2/US-AR-039?yr=all' target='_blank' style='text-decoration: none;'>Dallas, AR</a></strong> 143 species<br/><strong>Top Hotspot: </strong><a href='http://ebird.org/ebird/hotspot/NA?yr=all' target='_blank' style='text-decoration: none;'>NA</a>"
"1","
88  "
"1","                                                          <strong><a href='http://ebird.org/ebird/subnational2/US-AR-041?yr=all' target='_blank' style='text-decoration: none;'>Desha, AR</a></strong> 299 species<br/><strong>Top Hotspot: </strong><a href='http://ebird.org/ebird/hotspot/L444575?yr=all' target='_blank' style='text-decoration: none;'>Camp Nine (restricted access)</a>"
"1","
89  "
"1","                                                             <strong><a href='http://ebird.org/ebird/subnational2/US-AR-043?yr=all' target='_blank' style='text-decoration: none;'>Drew, AR</a></strong> 202 species<br/><strong>Top Hotspot: </strong><a href='http://ebird.org/ebird/hotspot/L387893?yr=all' target='_blank' style='text-decoration: none;'>Warren Prairie Natural Area</a>"
"1","
90  "
"1","                                                                     <strong><a href='http://ebird.org/ebird/subnational2/US-AR-045?yr=all' target='_blank' style='text-decoration: none;'>Faulkner, AR</a></strong> 294 species<br/><strong>Top Hotspot: </strong><a href='http://ebird.org/ebird/hotspot/L365158?yr=all' target='_blank' style='text-decoration: none;'>Beaverfork Lake</a>"
"1","
91  "
"1","                                                       <strong><a href='http://ebird.org/ebird/subnational2/US-AR-047?yr=all' target='_blank' style='text-decoration: none;'>Franklin, AR</a></strong> 215 species<br/><strong>Top Hotspot: </strong><a href='http://ebird.org/ebird/hotspot/L507678?yr=all' target='_blank' style='text-decoration: none;'>Cherokee Prairie Natural Area</a>"
"1","
92  "
"1","                                                                     <strong><a href='http://ebird.org/ebird/subnational2/US-AR-049?yr=all' target='_blank' style='text-decoration: none;'>Fulton, AR</a></strong> 188 species<br/><strong>Top Hotspot: </strong><a href='http://ebird.org/ebird/hotspot/L507839?yr=all' target='_blank' style='text-decoration: none;'>Mammoth Spring SP</a>"
"1","
93  "
"1","                                                 <strong><a href='http://ebird.org/ebird/subnational2/US-AR-051?yr=all' target='_blank' style='text-decoration: none;'>Garland, AR</a></strong> 289 species<br/><strong>Top Hotspot: </strong><a href='http://ebird.org/ebird/hotspot/L127223?yr=all' target='_blank' style='text-decoration: none;'>Andrew H. Hulsey State Fish Hatchery</a>"
"1","
94  "
"1","                                                          <strong><a href='http://ebird.org/ebird/subnational2/US-AR-053?yr=all' target='_blank' style='text-decoration: none;'>Grant, AR</a></strong> 168 species<br/><strong>Top Hotspot: </strong><a href='http://ebird.org/ebird/hotspot/L439539?yr=all' target='_blank' style='text-decoration: none;'>Jenkins Ferry Battleground SP</a>"
"1","
95  "
"1","                                                                      <strong><a href='http://ebird.org/ebird/subnational2/US-AR-055?yr=all' target='_blank' style='text-decoration: none;'>Greene, AR</a></strong> 221 species<br/><strong>Top Hotspot: </strong><a href='http://ebird.org/ebird/hotspot/L283219?yr=all' target='_blank' style='text-decoration: none;'>Lake Frierson SP</a>"
"1","
96  "
"1","                                                                      <strong><a href='http://ebird.org/ebird/subnational2/US-AR-057?yr=all' target='_blank' style='text-decoration: none;'>Hempstead, AR</a></strong> 308 species<br/><strong>Top Hotspot: </strong><a href='http://ebird.org/ebird/hotspot/L501407?yr=all' target='_blank' style='text-decoration: none;'>Millwood Lake</a>"
"1","
97  "
"1","                                                             <strong><a href='http://ebird.org/ebird/subnational2/US-AR-059?yr=all' target='_blank' style='text-decoration: none;'>Hot Spring, AR</a></strong> 231 species<br/><strong>Top Hotspot: </strong><a href='http://ebird.org/ebird/hotspot/L127219?yr=all' target='_blank' style='text-decoration: none;'>DeGray Lake Resort SP</a>"
"1","
98  "
"1","                                                             <strong><a href='http://ebird.org/ebird/subnational2/US-AR-061?yr=all' target='_blank' style='text-decoration: none;'>Howard, AR</a></strong> 259 species<br/><strong>Top Hotspot: </strong><a href='http://ebird.org/ebird/hotspot/L127229?yr=all' target='_blank' style='text-decoration: none;'>Millwood Lake--Okay Levee</a>"
"1","
99  "
"1","                                                      <strong><a href='http://ebird.org/ebird/subnational2/US-AR-063?yr=all' target='_blank' style='text-decoration: none;'>Independence, AR</a></strong> 168 species<br/><strong>Top Hotspot: </strong><a href='http://ebird.org/ebird/hotspot/L4026804?yr=all' target='_blank' style='text-decoration: none;'>Foushee Cave Natural Area</a>"
"1","
100 "
"1","                                            <strong><a href='http://ebird.org/ebird/subnational2/US-AR-065?yr=all' target='_blank' style='text-decoration: none;'>Izard, AR</a></strong> 151 species<br/><strong>Top Hotspot: </strong><a href='http://ebird.org/ebird/hotspot/L2411624?yr=all' target='_blank' style='text-decoration: none;'>Devil's Knob-Devil's Backbone Natural Area</a>"
"1","
"
"1","    "
"1","                       geometry"
"1","
1   "
"1"," POLYGON((-86.917595 32.6641..."
"1","
2   "
"1"," POLYGON((-88.026319 30.7533..."
"1","
3   "
"1"," POLYGON((-85.735732 31.6244..."
"1","
4   "
"1"," POLYGON((-87.421936 33.0033..."
"1","
5   "
"1"," POLYGON((-86.963358 33.8582..."
"1","
6   "
"1"," POLYGON((-85.999157 32.2505..."
"1","
7   "
"1"," POLYGON((-86.908939 31.9616..."
"1","
8   "
"1"," POLYGON((-86.145562 33.6790..."
"1","
9   "
"1"," POLYGON((-85.593177 33.1073..."
"1","
10  "
"1"," POLYGON((-85.843801 34.2445..."
"1","
11  "
"1"," POLYGON((-87.019157 32.8370..."
"1","
12  "
"1"," POLYGON((-88.4686624840513 ..."
"1","
13  "
"1"," POLYGON((-88.121414 31.9502..."
"1","
14  "
"1"," POLYGON((-86.17283 33.19568..."
"1","
15  "
"1"," POLYGON((-85.85189 33.49874..."
"1","
16  "
"1"," POLYGON((-86.193951 31.4400..."
"1","
17  "
"1"," POLYGON((-88.134263 34.6226..."
"1","
18  "
"1"," POLYGON((-87.166581 31.5195..."
"1","
19  "
"1"," POLYGON((-86.517344 33.0205..."
"1","
20  "
"1"," POLYGON((-86.701554 31.5239..."
"1","
21  "
"1"," POLYGON((-86.499533 31.6552..."
"1","
22  "
"1"," POLYGON((-87.111992 33.9923..."
"1","
23  "
"1"," POLYGON((-85.789142 31.6179..."
"1","
24  "
"1"," POLYGON((-87.47308 32.30761..."
"1","
25  "
"1"," POLYGON((-86.118894 34.4038..."
"1","
26  "
"1"," POLYGON((-86.413335 32.7505..."
"1","
27  "
"1"," POLYGON((-87.61589 31.24445..."
"1","
28  "
"1"," POLYGON((-86.332394 34.0404..."
"1","
29  "
"1"," POLYGON((-87.951785 33.9199..."
"1","
30  "
"1"," POLYGON((-88.1549021840087 ..."
"1","
31  "
"1"," POLYGON((-86.193476 31.1922..."
"1","
32  "
"1"," POLYGON((-88.175329 32.9320..."
"1","
33  "
"1"," POLYGON((-87.813178 32.8101..."
"1","
34  "
"1"," POLYGON((-85.416437 31.6194..."
"1","
35  "
"1"," POLYGON((-85.665775 31.2675..."
"1","
36  "
"1"," POLYGON((-86.359034 34.6326..."
"1","
37  "
"1"," POLYGON((-87.266923 33.5129..."
"1","
38  "
"1"," POLYGON((-88.254445 33.6987..."
"1","
39  "
"1"," POLYGON((-88.202959 35.0080..."
"1","
40  "
"1"," POLYGON((-87.529667 34.5670..."
"1","
41  "
"1"," POLYGON((-85.696755 32.6974..."
"1","
42  "
"1"," POLYGON((-87.278302 34.7735..."
"1","
43  "
"1"," POLYGON((-86.908302 32.2250..."
"1","
44  "
"1"," POLYGON((-86.023012 32.4199..."
"1","
45  "
"1"," POLYGON((-86.783628017169 3..."
"1","
46  "
"1"," POLYGON((-88.113584 32.0062..."
"1","
47  "
"1"," POLYGON((-88.2035834952194 ..."
"1","
48  "
"1"," POLYGON((-86.58132 34.37109..."
"1","
49  "
"1"," POLYGON((-88.432007 31.1142..."
"1","
50  "
"1"," POLYGON((-87.784796 31.3246..."
"1","
51  "
"1"," POLYGON((-86.496774 32.3444..."
"1","
52  "
"1"," POLYGON((-87.105073 34.6860..."
"1","
53  "
"1"," POLYGON((-87.525198 32.6557..."
"1","
54  "
"1"," POLYGON((-88.317135 33.1841..."
"1","
55  "
"1"," POLYGON((-86.191379 31.9664..."
"1","
56  "
"1"," POLYGON((-85.641129 33.3205..."
"1","
57  "
"1"," POLYGON((-85.434045 32.4098..."
"1","
58  "
"1"," POLYGON((-86.577528 33.8019..."
"1","
59  "
"1"," POLYGON((-87.026846 33.2464..."
"1","
60  "
"1"," POLYGON((-88.3892485641243 ..."
"1","
61  "
"1"," POLYGON((-86.503127 33.1791..."
"1","
62  "
"1"," POLYGON((-86.00917 33.09026..."
"1","
63  "
"1"," POLYGON((-87.840683 33.5248..."
"1","
64  "
"1"," POLYGON((-87.636118 34.0022..."
"1","
65  "
"1"," POLYGON((-88.4636253046849 ..."
"1","
66  "
"1"," POLYGON((-87.667769 31.9913..."
"1","
67  "
"1"," POLYGON((-87.634725 34.3069..."
"1","
68  "
"1"," POLYGON((-91.709709 34.3077..."
"1","
69  "
"1"," POLYGON((-92.137527 33.1629..."
"1","
70  "
"1"," POLYGON((-92.594962 36.3546..."
"1","
71  "
"1"," POLYGON((-94.617919 36.4994..."
"1","
72  "
"1"," POLYGON((-93.30252 36.48249..."
"1","
73  "
"1"," POLYGON((-92.378616 33.3147..."
"1","
74  "
"1"," POLYGON((-92.717454 33.5524..."
"1","
75  "
"1"," POLYGON((-93.8667582116711 ..."
"1","
76  "
"1"," POLYGON((-91.45737 33.38897..."
"1","
77  "
"1"," POLYGON((-93.478646 34.3408..."
"1","
78  "
"1"," POLYGON((-90.749667 36.2805..."
"1","
79  "
"1"," POLYGON((-92.24052 35.71219..."
"1","
80  "
"1"," POLYGON((-92.471667 34.0570..."
"1","
81  "
"1"," POLYGON((-93.48176 33.25999..."
"1","
82  "
"1"," POLYGON((-93.040709 35.1089..."
"1","
83  "
"1"," POLYGON((-91.032499 35.8850..."
"1","
84  "
"1"," POLYGON((-94.493040072427 3..."
"1","
85  "
"1"," POLYGON((-90.506475 35.1787..."
"1","
86  "
"1"," POLYGON((-91.039783 35.3542..."
"1","
87  "
"1"," POLYGON((-92.961419 33.9741..."
"1","
88  "
"1"," POLYGON((-91.548668 33.9767..."
"1","
89  "
"1"," POLYGON((-92.015145 33.4534..."
"1","
90  "
"1"," POLYGON((-92.554685 35.1132..."
"1","
91  "
"1"," POLYGON((-94.074895 35.4454..."
"1","
92  "
"1"," POLYGON((-92.150677 36.4358..."
"1","
93  "
"1"," POLYGON((-93.402189 34.6851..."
"1","
94  "
"1"," POLYGON((-92.668711 34.4142..."
"1","
95  "
"1"," POLYGON((-90.820763 36.0797..."
"1","
96  "
"1"," POLYGON((-93.969546 33.7401..."
"1","
97  "
"1"," POLYGON((-93.407227 34.3968..."
"1","
98  "
"1"," POLYGON((-94.254668 34.3554..."
"1","
99  "
"1"," POLYGON((-91.849448 35.8674..."
"1","
100 "
"1"," POLYGON((-92.2139 36.1751, ..."
"1","
"
"1"," [ reached getOption(""max.print"") -- omitted 900 rows ]
"
